,goleador_local,goleador_visitante,equipo_local,equipo_visitante
0,['L. Díaz'],[],Sarmiento,Arsenal de Sarandí
1,[],['C. Corvalán'],Sarmiento,Arsenal de Sarandí
2,['M. Sigales'],[],Sarmiento,Arsenal de Sarandí
3,['F. Oreja'],[],Sarmiento,Arsenal de Sarandí
4,['F. Niell'],[],Sarmiento,Arsenal de Sarandí
5,[],['L. Desábato'],Sarmiento,Arsenal de Sarandí
6,['N. Ibáñez'],[],Sarmiento,Arsenal de Sarandí
7,['A. Orión'],[],Sarmiento,Arsenal de Sarandí
8,['Marcos Acuña'],[],Sarmiento,Arsenal de Sarandí
9,['G. Acosta'],[],Sarmiento,Arsenal de Sarandí
10,['F. Zampedri'],[],Sarmiento,Arsenal de Sarandí
11,['F. Belluschi'],[],Sarmiento,Arsenal de Sarandí
12,[],['E. Montagna'],Sarmiento,Arsenal de Sarandí
14,['N. Blandi'],[],Sarmiento,Arsenal de Sarandí
15,[],['I. Bailone'],Sarmiento,Arsenal de Sarandí
16,[],['L. Rodríguez'],Sarmiento,Arsenal de Sarandí
17,[],['I. Damonte'],Sarmiento,Arsenal de Sarandí
18,[],['D. Mateo'],Sarmiento,Arsenal de Sarandí
19,[],['I. Scocco'],Sarmiento,Arsenal de Sarandí
20,[],['E. Rigoni'],Sarmiento,Arsenal de Sarandí
21,['F. Anselmo'],[],Sarmiento,Arsenal de Sarandí
22,['S. Driussi'],[],Sarmiento,Arsenal de Sarandí
23,[],['S. Silva'],Sarmiento,Arsenal de Sarandí
24,['Lucas Alario'],[],Sarmiento,Arsenal de Sarandí
25,"[""A. D'alessandro""]",[],Sarmiento,Arsenal de Sarandí
26,['Pity Martínez'],[],Sarmiento,Arsenal de Sarandí
27,['B. Montenegro'],[],Sarmiento,Arsenal de Sarandí
28,['L. Acosta'],[],Sarmiento,Arsenal de Sarandí
29,[],['I. Blanco'],Sarmiento,Arsenal de Sarandí
30,[],['D. Lagos'],Sarmiento,Arsenal de Sarandí
31,['A. Arregui'],[],Sarmiento,Arsenal de Sarandí
32,[],['F. Niell'],Sarmiento,Arsenal de Sarandí
33,[],['F. Andrada'],Sarmiento,Arsenal de Sarandí
34,['L. Sosa'],[],Sarmiento,Arsenal de Sarandí
35,[],['Marcos Acuña'],Sarmiento,Arsenal de Sarandí
36,[],['Gastón Díaz'],Sarmiento,Arsenal de Sarandí
37,['E. Brítez'],[],Sarmiento,Arsenal de Sarandí
38,[],['N. Blandi'],Sarmiento,Arsenal de Sarandí
39,[],['S. Blanco'],Sarmiento,Arsenal de Sarandí
40,['D. Vera'],[],Sarmiento,Arsenal de Sarandí
41,['E. Barco'],[],Sarmiento,Arsenal de Sarandí
42,[],['D. Morales'],Sarmiento,Arsenal de Sarandí
43,['M. Formica'],[],Sarmiento,Arsenal de Sarandí
44,['M. Pavone'],[],Sarmiento,Arsenal de Sarandí
46,[],['V. Salazar'],Sarmiento,Arsenal de Sarandí
47,['I. Bailone'],[],Sarmiento,Arsenal de Sarandí
48,['C. Tévez'],[],Sarmiento,Arsenal de Sarandí
50,['C. Pavón'],[],Sarmiento,Arsenal de Sarandí
51,[],['F. Álvarez'],Sarmiento,Arsenal de Sarandí
52,['Frank Fabra'],[],Sarmiento,Arsenal de Sarandí
53,[],['A. Mina'],Sarmiento,Arsenal de Sarandí
54,['P. Guiñazú'],[],Sarmiento,Arsenal de Sarandí
55,['F. Godoy'],[],Sarmiento,Arsenal de Sarandí
56,[],['C. Menéndez'],Sarmiento,Arsenal de Sarandí
58,['J. Bottinelli'],[],Sarmiento,Arsenal de Sarandí
59,[],['G. Acosta'],Sarmiento,Arsenal de Sarandí
60,['F. Luna'],[],Sarmiento,Arsenal de Sarandí
61,[],['C. Quintana'],Sarmiento,Arsenal de Sarandí
62,['I. Blanco'],[],Sarmiento,Arsenal de Sarandí
63,[],['L. Gamba'],Sarmiento,Arsenal de Sarandí
64,['S. Blanco'],[],Sarmiento,Arsenal de Sarandí
65,[],['N. Tripichio'],Sarmiento,Arsenal de Sarandí
67,['W. Montoya'],[],Sarmiento,Arsenal de Sarandí
68,['W. Camacho'],[],Sarmiento,Arsenal de Sarandí
69,[],['G. Espinoza'],Sarmiento,Arsenal de Sarandí
71,['P. Ferrari'],[],Sarmiento,Arsenal de Sarandí
72,[],['F. Telechea'],Sarmiento,Arsenal de Sarandí
73,[],['N. Bertocchi'],Sarmiento,Arsenal de Sarandí
74,[],['N. Bertolo'],Sarmiento,Arsenal de Sarandí
75,['S. Penco'],[],Sarmiento,Arsenal de Sarandí
77,[],['W. Erviti'],Sarmiento,Arsenal de Sarandí
78,['A. Alegre'],[],Sarmiento,Arsenal de Sarandí
79,['C. Llama'],[],Sarmiento,Arsenal de Sarandí
80,['C. García'],[],Sarmiento,Arsenal de Sarandí
83,['S. Domínguez'],[],Sarmiento,Arsenal de Sarandí
84,[],['C. Auzqui'],Sarmiento,Arsenal de Sarandí
86,[],['J. Rodríguez'],Sarmiento,Arsenal de Sarandí
87,['M. Figueroa'],[],Sarmiento,Arsenal de Sarandí
88,[],['G. Peruzzi'],Sarmiento,Arsenal de Sarandí
89,['J. Correa'],[],Sarmiento,Arsenal de Sarandí
91,[],['G. Villarruel'],Sarmiento,Arsenal de Sarandí
92,['S. Vittor'],[],Sarmiento,Arsenal de Sarandí
93,[],['A. Rios'],Sarmiento,Arsenal de Sarandí
94,['C. Luna'],[],Sarmiento,Arsenal de Sarandí
95,[],['H. Nervo'],Sarmiento,Arsenal de Sarandí
96,[],['M. Borgnino'],Sarmiento,Arsenal de Sarandí
97,['D. Imperiale'],[],Sarmiento,Arsenal de Sarandí
98,['C. Rodríguez'],[],Sarmiento,Arsenal de Sarandí
99,['C. Villanueva'],[],Sarmiento,Arsenal de Sarandí
100,['F. Pizzini'],[],Sarmiento,Arsenal de Sarandí
101,['F. Coniglio'],[],Sarmiento,Arsenal de Sarandí
102,[],['G. Giménez'],Sarmiento,Arsenal de Sarandí
103,['I. Scocco'],[],Sarmiento,Arsenal de Sarandí
109,[],['L. López'],Sarmiento,Arsenal de Sarandí
110,[],['C. Luna'],Sarmiento,Arsenal de Sarandí
111,['V. Cuesta'],[],Sarmiento,Arsenal de Sarandí
112,['J. Schunke'],[],Sarmiento,Arsenal de Sarandí
113,['C. Auzqui'],[],Sarmiento,Arsenal de Sarandí
114,['A. Solari'],[],Sarmiento,Arsenal de Sarandí
115,[],['C. Pereyra'],Sarmiento,Arsenal de Sarandí
116,[],['C. Bieler'],Sarmiento,Arsenal de Sarandí
118,['E. Mas'],[],Sarmiento,Arsenal de Sarandí
119,[],['E. Mas'],Sarmiento,Arsenal de Sarandí
120,['Matias Quiroga'],[],Sarmiento,Arsenal de Sarandí
121,['D. Benedetto'],[],Sarmiento,Arsenal de Sarandí
122,[],['H. Da Campo'],Sarmiento,Arsenal de Sarandí
124,['R. Centurión'],[],Sarmiento,Arsenal de Sarandí
126,['T. Pochettino'],[],Sarmiento,Arsenal de Sarandí
127,['M. Bareiro'],[],Sarmiento,Arsenal de Sarandí
128,[],['S. Driussi'],Sarmiento,Arsenal de Sarandí
129,['A. Barboza'],[],Sarmiento,Arsenal de Sarandí
131,['A. Rios'],[],Sarmiento,Arsenal de Sarandí
132,[],['Pity Martínez'],Sarmiento,Arsenal de Sarandí
133,[],['N. Ibáñez'],Sarmiento,Arsenal de Sarandí
135,['J. Boghossian'],[],Sarmiento,Arsenal de Sarandí
136,['L. Vella'],[],Sarmiento,Arsenal de Sarandí
137,['M. Giménez'],[],Sarmiento,Arsenal de Sarandí
138,['N. Benegas'],[],Sarmiento,Arsenal de Sarandí
139,[],['C. Rodríguez'],Sarmiento,Arsenal de Sarandí
140,['H. Da Campo'],[],Sarmiento,Arsenal de Sarandí
141,['S. Garcia'],[],Sarmiento,Arsenal de Sarandí
142,['J. Ayoví'],[],Sarmiento,Arsenal de Sarandí
143,[],['D. Godoy'],Sarmiento,Arsenal de Sarandí
144,['Marco Ruben'],[],Sarmiento,Arsenal de Sarandí
145,[],['J. Bottinelli'],Sarmiento,Arsenal de Sarandí
147,['José Luis Fernández'],[],Sarmiento,Arsenal de Sarandí
150,[],['G. Bazán'],Sarmiento,Arsenal de Sarandí
153,[],['L. Gil'],Sarmiento,Arsenal de Sarandí
154,['L. López'],[],Sarmiento,Arsenal de Sarandí
155,['S. Rosales'],[],Sarmiento,Arsenal de Sarandí
156,[],['B. Cáceres'],Sarmiento,Arsenal de Sarandí
162,[],['G. Gudiño'],Sarmiento,Arsenal de Sarandí
163,['M. Bolatti'],[],Sarmiento,Arsenal de Sarandí
164,[],['L. Acosta'],Sarmiento,Arsenal de Sarandí
165,[],['M. Casierra'],Sarmiento,Arsenal de Sarandí
166,['C. Matheu'],[],Sarmiento,Arsenal de Sarandí
167,['W. Erviti'],[],Sarmiento,Arsenal de Sarandí
168,['S. Silva'],[],Sarmiento,Arsenal de Sarandí
169,['E. Cecchini'],[],Sarmiento,Arsenal de Sarandí
170,['E. Olivera'],[],Sarmiento,Arsenal de Sarandí
171,[],['E. Gómez'],Sarmiento,Arsenal de Sarandí
172,[],['D. Vera'],Sarmiento,Arsenal de Sarandí
174,['D. Morales'],[],Sarmiento,Arsenal de Sarandí
175,[],['J. Insaurralde'],Sarmiento,Arsenal de Sarandí
176,[],['L. Sosa'],Sarmiento,Arsenal de Sarandí
177,[],['D. Mendoza'],Sarmiento,Arsenal de Sarandí
179,[],['I. Torres'],Sarmiento,Arsenal de Sarandí
180,['H. Barcos'],[],Sarmiento,Arsenal de Sarandí
181,['D. Zabala'],[],Sarmiento,Arsenal de Sarandí
182,[],['M. Figueroa'],Sarmiento,Arsenal de Sarandí
183,['F. Mancinelli'],[],Sarmiento,Arsenal de Sarandí
184,[],['A. Zárate'],Sarmiento,Arsenal de Sarandí
185,['G. Gudiño'],[],Sarmiento,Arsenal de Sarandí
186,[],['G. Bou'],Sarmiento,Arsenal de Sarandí
187,[],['Ó. Romero'],Sarmiento,Arsenal de Sarandí
188,['M. Borgnino'],[],Sarmiento,Arsenal de Sarandí
190,[],['W. Montoya'],Sarmiento,Arsenal de Sarandí
191,['I. Damonte'],[],Sarmiento,Arsenal de Sarandí
192,['L. Viatri'],[],Sarmiento,Arsenal de Sarandí
193,[],['Marco Ruben'],Sarmiento,Arsenal de Sarandí
194,['F. Sánchez'],[],Sarmiento,Arsenal de Sarandí
195,[],['G. Lo Celso'],Sarmiento,Arsenal de Sarandí
196,[],['S. Palacios'],Sarmiento,Arsenal de Sarandí
197,[],['C. Muñoz'],Sarmiento,Arsenal de Sarandí
198,[],['J. Menéndez'],Sarmiento,Arsenal de Sarandí
199,['D. Cháves'],[],Sarmiento,Arsenal de Sarandí
200,[],['F. Zampedri'],Sarmiento,Arsenal de Sarandí
201,['G. Toledo'],[],Sarmiento,Arsenal de Sarandí
202,[],['L. González'],Sarmiento,Arsenal de Sarandí
203,['J. Sand'],[],Sarmiento,Arsenal de Sarandí
204,[],['L. Abecasis'],Sarmiento,Arsenal de Sarandí
205,['R. Martínez'],[],Sarmiento,Arsenal de Sarandí
206,['José Gómez'],[],Sarmiento,Arsenal de Sarandí
208,['J. Blanco'],[],Sarmiento,Arsenal de Sarandí
209,[],['A. Castro'],Sarmiento,Arsenal de Sarandí
210,[],['S. Rincón'],Sarmiento,Arsenal de Sarandí
211,[],['O. Benítez'],Sarmiento,Arsenal de Sarandí
213,['Walter Bou'],[],Sarmiento,Arsenal de Sarandí
214,[],['M. Guanini'],Sarmiento,Arsenal de Sarandí
215,['V. Figueroa'],[],Sarmiento,Arsenal de Sarandí
216,[],['M. Cauteruccio'],Sarmiento,Arsenal de Sarandí
219,['R. Perez'],[],Sarmiento,Arsenal de Sarandí
221,['G. Vargas'],[],Sarmiento,Arsenal de Sarandí
222,['L. Márquez'],[],Sarmiento,Arsenal de Sarandí
223,[],['D. Rodriguez'],Sarmiento,Arsenal de Sarandí
224,['L. Sánchez'],[],Sarmiento,Arsenal de Sarandí
226,[],['J. Correa'],Sarmiento,Arsenal de Sarandí
227,['A. Balboa'],[],Sarmiento,Arsenal de Sarandí
228,['J. Menéndez'],[],Sarmiento,Arsenal de Sarandí
229,['S. Palacios'],[],Sarmiento,Arsenal de Sarandí
230,['G. Bottino'],[],Sarmiento,Arsenal de Sarandí
231,[],['I. Marcone'],Sarmiento,Arsenal de Sarandí
237,['D. González'],[],Sarmiento,Arsenal de Sarandí
239,['L. Licht'],[],Sarmiento,Arsenal de Sarandí
241,[],['M. Rodriguez'],Sarmiento,Arsenal de Sarandí
242,[],['E. Brítez'],Sarmiento,Arsenal de Sarandí
243,['E. Godoy'],[],Sarmiento,Arsenal de Sarandí
249,['F. Mussis'],[],Sarmiento,Arsenal de Sarandí
251,[],['C. Pavón'],Sarmiento,Arsenal de Sarandí
254,['C. Menéndez'],[],Sarmiento,Arsenal de Sarandí
255,['P. Cáceres'],[],Sarmiento,Arsenal de Sarandí
256,['J. Acosta'],[],Sarmiento,Arsenal de Sarandí
257,['I. Quílez'],[],Sarmiento,Arsenal de Sarandí
258,[],['D. Cháves'],Sarmiento,Arsenal de Sarandí
259,[],['E. Dening'],Sarmiento,Arsenal de Sarandí
260,['J. Mansilla'],[],Sarmiento,Arsenal de Sarandí
264,['F. Telechea'],[],Sarmiento,Arsenal de Sarandí
266,[],['V. Ramis'],Sarmiento,Arsenal de Sarandí
267,['G. Peruzzi'],[],Sarmiento,Arsenal de Sarandí
269,['G. Aguirre'],[],Sarmiento,Arsenal de Sarandí
271,['I. Pussetto'],[],Sarmiento,Arsenal de Sarandí
272,[],['G. Colman'],Sarmiento,Arsenal de Sarandí
275,['J. Toledo'],[],Sarmiento,Arsenal de Sarandí
281,[],['S. Penco'],Sarmiento,Arsenal de Sarandí
283,[],['G. Bergessio'],Sarmiento,Arsenal de Sarandí
284,['M. Rodriguez'],[],Sarmiento,Arsenal de Sarandí
285,[],['Paulo Diaz'],Sarmiento,Arsenal de Sarandí
286,[],['G. Conti'],Sarmiento,Arsenal de Sarandí
287,[],['T. Sandoval'],Sarmiento,Arsenal de Sarandí
290,[],['G. Montiel'],Sarmiento,Arsenal de Sarandí
293,['F. Soldano'],[],Sarmiento,Arsenal de Sarandí
294,['F. Andrada'],[],Sarmiento,Arsenal de Sarandí
298,['M. Fornari'],[],Sarmiento,Arsenal de Sarandí
299,[],['J. Sand'],Sarmiento,Arsenal de Sarandí
301,['P. Ledesma'],[],Sarmiento,Arsenal de Sarandí
302,['G. Bou'],[],Sarmiento,Arsenal de Sarandí
303,[],['M. Formica'],Sarmiento,Arsenal de Sarandí
305,['L. Ardente'],[],Sarmiento,Arsenal de Sarandí
306,['E. Dening'],[],Sarmiento,Arsenal de Sarandí
309,['M. Cauteruccio'],[],Sarmiento,Arsenal de Sarandí
310,['N. Ortigoza'],[],Sarmiento,Arsenal de Sarandí
311,[],['P. Toranzo'],Sarmiento,Arsenal de Sarandí
313,['A. Castro'],[],Sarmiento,Arsenal de Sarandí
317,['V. Salazar'],[],Sarmiento,Arsenal de Sarandí
318,[],['V. Cuesta'],Sarmiento,Arsenal de Sarandí
319,[],['D. Benedetto'],Sarmiento,Arsenal de Sarandí
320,['R. Carrera'],[],Sarmiento,Arsenal de Sarandí
324,[],['B. Pitton'],Sarmiento,Arsenal de Sarandí
325,[],['N. Stefanelli'],Sarmiento,Arsenal de Sarandí
326,['Matías Vargas'],[],Sarmiento,Arsenal de Sarandí
327,['C. Nasuti'],[],Sarmiento,Arsenal de Sarandí
328,['M. Caire'],[],Sarmiento,Arsenal de Sarandí
331,['Juan Brunetta'],[],Sarmiento,Arsenal de Sarandí
332,['S. Velázquez'],[],Sarmiento,Arsenal de Sarandí
333,[],['A. Sporle'],Sarmiento,Arsenal de Sarandí
335,['R. Braña'],[],Sarmiento,Arsenal de Sarandí
336,[],['P. Ledesma'],Sarmiento,Arsenal de Sarandí
337,[],['G. Ortíz'],Sarmiento,Arsenal de Sarandí
338,['Á. González'],[],Sarmiento,Arsenal de Sarandí
341,['A. Silva'],[],Sarmiento,Arsenal de Sarandí
343,['D. Godoy'],[],Sarmiento,Arsenal de Sarandí
344,[],['A. Arregui'],Sarmiento,Arsenal de Sarandí
346,[],['Lautaro Martínez'],Sarmiento,Arsenal de Sarandí
349,[],['A. Balboa'],Sarmiento,Arsenal de Sarandí
351,['C. Bieler'],[],Sarmiento,Arsenal de Sarandí
353,[],['F. Belluschi'],Sarmiento,Arsenal de Sarandí
354,['G. Denis'],[],Sarmiento,Arsenal de Sarandí
356,[],['T. Gutiérrez'],Sarmiento,Arsenal de Sarandí
359,[],['L. Godoy'],Sarmiento,Arsenal de Sarandí
360,['S. Almirón'],[],Sarmiento,Arsenal de Sarandí
361,['M. Abero'],[],Sarmiento,Arsenal de Sarandí
366,['S. Bertoli'],[],Sarmiento,Arsenal de Sarandí
367,['M. Minetti'],[],Sarmiento,Arsenal de Sarandí
368,[],['J. Mattia'],Sarmiento,Arsenal de Sarandí
369,['A. Cólzera'],[],Sarmiento,Arsenal de Sarandí
370,[],['M. Velázquez'],Sarmiento,Arsenal de Sarandí
373,[],['S. Prediger'],Sarmiento,Arsenal de Sarandí
378,['F. Gonzalez'],[],Sarmiento,Arsenal de Sarandí
381,['M. Sperduti'],[],Sarmiento,Arsenal de Sarandí
383,[],['L. Viatri'],Sarmiento,Arsenal de Sarandí
385,[],['V. López'],Sarmiento,Arsenal de Sarandí
386,[],['M. Caire'],Sarmiento,Arsenal de Sarandí
389,[],['F. Mancinelli'],Sarmiento,Arsenal de Sarandí
390,[],['N. Sánchez'],Sarmiento,Arsenal de Sarandí
391,['G. Cosaro'],[],Sarmiento,Arsenal de Sarandí
393,[],['S. Garcia'],Sarmiento,Arsenal de Sarandí
394,[],['Facundo Silva'],Sarmiento,Arsenal de Sarandí
396,[],['Walter Bou'],Sarmiento,Arsenal de Sarandí
401,['N. Stefanelli'],[],Sarmiento,Arsenal de Sarandí
402,[],['A. Gagliardi'],Sarmiento,Arsenal de Sarandí
407,['J. Capelli'],[],Sarmiento,Arsenal de Sarandí
408,[],['K. Itabel'],Sarmiento,Arsenal de Sarandí
409,[],['M. Albertengo'],Sarmiento,Arsenal de Sarandí
410,['G. Ramírez'],[],Sarmiento,Arsenal de Sarandí
411,[],['R. Spinacci'],Sarmiento,Arsenal de Sarandí
412,[],['A. Niz'],Sarmiento,Arsenal de Sarandí
413,[],['L. Díaz'],Sarmiento,Arsenal de Sarandí
416,['D. Depetris'],[],Sarmiento,Arsenal de Sarandí
417,['J. Iritier'],[],Sarmiento,Arsenal de Sarandí
418,[],['C. Bernardi'],Sarmiento,Arsenal de Sarandí
419,[],['N. Leguizamón'],Sarmiento,Arsenal de Sarandí
420,[],['L. Miranda'],Sarmiento,Arsenal de Sarandí
421,['D. Sosa'],[],Sarmiento,Arsenal de Sarandí
422,[],['A. Medina'],Sarmiento,Arsenal de Sarandí
425,['J. Sills'],[],Sarmiento,Arsenal de Sarandí
434,[],['W. Camacho'],Sarmiento,Arsenal de Sarandí
435,['Emanuel Insúa'],[],Sarmiento,Arsenal de Sarandí
441,[],['A. Cólzera'],Sarmiento,Arsenal de Sarandí
444,[],['W. Andrade'],Sarmiento,Arsenal de Sarandí
446,['K. Mercado'],[],Sarmiento,Arsenal de Sarandí
452,[],['J. Amoroso'],Sarmiento,Arsenal de Sarandí
455,[],['F. Soldano'],Sarmiento,Arsenal de Sarandí
457,[],['G. Vadalá'],Sarmiento,Arsenal de Sarandí
458,[],['Matías Suárez'],Sarmiento,Arsenal de Sarandí
459,['L. Faravelli'],[],Sarmiento,Arsenal de Sarandí
461,[],['J. Blanco'],Sarmiento,Arsenal de Sarandí
465,[],['C. Tévez'],Sarmiento,Arsenal de Sarandí
467,[],['R. Centurión'],Sarmiento,Arsenal de Sarandí
468,['J. Mattia'],[],Sarmiento,Arsenal de Sarandí
469,['F. Barcelo'],[],Sarmiento,Arsenal de Sarandí
474,[],['M. Fritzler'],Sarmiento,Arsenal de Sarandí
475,[],['M. Meza'],Sarmiento,Arsenal de Sarandí
476,[],['G. Denis'],Sarmiento,Arsenal de Sarandí
477,['M. Lovera'],[],Sarmiento,Arsenal de Sarandí
479,[],['A. Silva'],Sarmiento,Arsenal de Sarandí
481,['D. Barbona'],[],Sarmiento,Arsenal de Sarandí
482,['L. Rodríguez'],[],Sarmiento,Arsenal de Sarandí
484,[],['G. Papa'],Sarmiento,Arsenal de Sarandí
486,['L. Chacana'],[],Sarmiento,Arsenal de Sarandí
489,[],['L. Contín'],Sarmiento,Arsenal de Sarandí
490,[],['A. Alegre'],Sarmiento,Arsenal de Sarandí
491,[],['N. Bandiera'],Sarmiento,Arsenal de Sarandí
494,[],['M. Bareiro'],Sarmiento,Arsenal de Sarandí
496,['B. Pitton'],[],Sarmiento,Arsenal de Sarandí
497,['W. Andrade'],[],Sarmiento,Arsenal de Sarandí
498,['R. Vera'],[],Sarmiento,Arsenal de Sarandí
499,['K. Itabel'],[],Sarmiento,Arsenal de Sarandí
500,[],['J. Cobo'],Sarmiento,Arsenal de Sarandí
501,[],['G. Herrera'],Sarmiento,Arsenal de Sarandí
502,[],['H. Menosse'],Sarmiento,Arsenal de Sarandí
504,['M. Velázquez'],[],Sarmiento,Arsenal de Sarandí
509,['L. Marín'],[],Sarmiento,Arsenal de Sarandí
510,[],['L. Giannetti'],Sarmiento,Arsenal de Sarandí
511,[],['H. Barcos'],Sarmiento,Arsenal de Sarandí
520,['D. Mateo'],[],Sarmiento,Arsenal de Sarandí
521,[],['M. Gelabert'],Sarmiento,Arsenal de Sarandí
524,['R. Cabalucci'],[],Sarmiento,Arsenal de Sarandí
525,[],['Lucas Alario'],Sarmiento,Arsenal de Sarandí
529,[],['A. Solari'],Sarmiento,Arsenal de Sarandí
531,[],['J. Toledo'],Sarmiento,Arsenal de Sarandí
533,['D. Arce'],[],Sarmiento,Arsenal de Sarandí
536,[],['J. Sánchez Sotelo'],Sarmiento,Arsenal de Sarandí
538,['G. Graciani'],[],Sarmiento,Arsenal de Sarandí
540,['A. Gagliardi'],[],Sarmiento,Arsenal de Sarandí
542,['Paulo Diaz'],[],Sarmiento,Arsenal de Sarandí
544,[],['C. Lema'],Sarmiento,Arsenal de Sarandí
547,[],['S. Pérez'],Sarmiento,Arsenal de Sarandí
548,[],['N. Briasco'],Sarmiento,Arsenal de Sarandí
549,['Lautaro Martínez'],[],Sarmiento,Arsenal de Sarandí
553,['F. Rinaudo'],[],Sarmiento,Arsenal de Sarandí
555,['M. Matos'],[],Sarmiento,Arsenal de Sarandí
556,['L. Vázquez'],[],Sarmiento,Arsenal de Sarandí
559,['M. Guevgeozián'],[],Sarmiento,Arsenal de Sarandí
561,['J. Mendez'],[],Sarmiento,Arsenal de Sarandí
562,['F. Álvarez'],[],Sarmiento,Arsenal de Sarandí
563,[],['H. Cuevas'],Sarmiento,Arsenal de Sarandí
564,['N. Bandiera'],[],Sarmiento,Arsenal de Sarandí
565,[],['E. Tellechea'],Sarmiento,Arsenal de Sarandí
566,['G. Conti'],[],Sarmiento,Arsenal de Sarandí
567,['C. Bernardi'],[],Sarmiento,Arsenal de Sarandí
569,[],['E. Gigliotti'],Sarmiento,Arsenal de Sarandí
573,['M. De Iriondo'],[],Sarmiento,Arsenal de Sarandí
574,[],['Y. Garnier'],Sarmiento,Arsenal de Sarandí
575,[],['N. Silva'],Sarmiento,Arsenal de Sarandí
576,['L. Algozino'],[],Sarmiento,Arsenal de Sarandí
581,[],['B. Alemán'],Sarmiento,Arsenal de Sarandí
582,['N. Romat'],[],Sarmiento,Arsenal de Sarandí
583,['M. González'],[],Sarmiento,Arsenal de Sarandí
584,['J. Velázquez'],[],Sarmiento,Arsenal de Sarandí
585,['F. Márquez'],[],Sarmiento,Arsenal de Sarandí
587,['G. Núñez'],[],Sarmiento,Arsenal de Sarandí
588,['G. Bojanich'],[],Sarmiento,Arsenal de Sarandí
589,['Pol Fernández'],[],Sarmiento,Arsenal de Sarandí
590,['G. Giménez'],[],Sarmiento,Arsenal de Sarandí
592,['L. Desábato'],[],Sarmiento,Arsenal de Sarandí
593,['Y. Cabral'],[],Sarmiento,Arsenal de Sarandí
594,['O. Benítez'],[],Sarmiento,Arsenal de Sarandí
596,[],['E. Reynoso'],Sarmiento,Arsenal de Sarandí
600,['Franco Bellocq'],[],Sarmiento,Arsenal de Sarandí
602,[],['A. Rojas'],Sarmiento,Arsenal de Sarandí
608,['D. Cvitanich'],[],Sarmiento,Arsenal de Sarandí
609,['N. Bertolo'],[],Sarmiento,Arsenal de Sarandí
611,['M. Lucero'],[],Sarmiento,Arsenal de Sarandí
612,['T. Gutiérrez'],[],Sarmiento,Arsenal de Sarandí
613,[],['M. Sarulyte'],Sarmiento,Arsenal de Sarandí
614,['E. Cerutti'],[],Sarmiento,Arsenal de Sarandí
615,['Chimy Ávila'],[],Sarmiento,Arsenal de Sarandí
617,['N. Mazzola'],[],Sarmiento,Arsenal de Sarandí
620,[],['F. Henríquez'],Sarmiento,Arsenal de Sarandí
622,[],['Juan Otero'],Sarmiento,Arsenal de Sarandí
625,['G. Campi'],[],Sarmiento,Arsenal de Sarandí
626,[],['G. Campi'],Sarmiento,Arsenal de Sarandí
628,['F. Pereyra'],[],Sarmiento,Arsenal de Sarandí
635,['C. Chimino'],[],Sarmiento,Arsenal de Sarandí
639,['J. Galván'],[],Sarmiento,Arsenal de Sarandí
640,[],['L. Wilchez'],Sarmiento,Arsenal de Sarandí
643,[],['M. Bogado'],Sarmiento,Arsenal de Sarandí
645,[],['E. Parnisari'],Sarmiento,Arsenal de Sarandí
647,[],['N. Domínguez'],Sarmiento,Arsenal de Sarandí
648,[],['J. Sánchez Miño'],Sarmiento,Arsenal de Sarandí
649,[],['N. Mazzola'],Sarmiento,Arsenal de Sarandí
650,['E. Rigoni'],[],Sarmiento,Arsenal de Sarandí
651,[],['J. Martínez'],Sarmiento,Arsenal de Sarandí
656,[],['P. Álvarez'],Sarmiento,Arsenal de Sarandí
660,[],['P. Cuadra'],Sarmiento,Arsenal de Sarandí
666,[],['G. Bettini'],Sarmiento,Arsenal de Sarandí
667,[],['Jorge Rodríguez'],Sarmiento,Arsenal de Sarandí
669,[],['B. Sarmiento'],Sarmiento,Arsenal de Sarandí
670,['M. Herrera'],[],Sarmiento,Arsenal de Sarandí
673,[],['F. Carrizo'],Sarmiento,Arsenal de Sarandí
674,[],['F. Bordagaray'],Sarmiento,Arsenal de Sarandí
676,['A. Cardozo'],[],Sarmiento,Arsenal de Sarandí
678,[],['B. Merlini'],Sarmiento,Arsenal de Sarandí
682,['Ramón Miérez'],[],Sarmiento,Arsenal de Sarandí
685,[],['R. Mora'],Sarmiento,Arsenal de Sarandí
687,['L. Gamba'],[],Sarmiento,Arsenal de Sarandí
690,[],['J. Gandolfi'],Sarmiento,Arsenal de Sarandí
693,[],['M. Aguirregaray'],Sarmiento,Arsenal de Sarandí
695,[],['S. Dubarbier'],Sarmiento,Arsenal de Sarandí
697,[],['J. Cascini'],Sarmiento,Arsenal de Sarandí
700,['F. Carrizo'],[],Sarmiento,Arsenal de Sarandí
707,[],['N. Romat'],Sarmiento,Arsenal de Sarandí
711,['E. Reynoso'],[],Sarmiento,Arsenal de Sarandí
714,['Cristian Romero'],[],Sarmiento,Arsenal de Sarandí
716,[],['E. Barco'],Sarmiento,Arsenal de Sarandí
718,[],['D. Rodríguez'],Sarmiento,Arsenal de Sarandí
719,[],['L. Albertengo'],Sarmiento,Arsenal de Sarandí
723,['H. Canteros'],[],Sarmiento,Arsenal de Sarandí
725,['Maxi Romero'],[],Sarmiento,Arsenal de Sarandí
730,[],['S. Peralta'],Sarmiento,Arsenal de Sarandí
736,[],['Juan Brunetta'],Sarmiento,Arsenal de Sarandí
738,['N. Briasco'],[],Sarmiento,Arsenal de Sarandí
741,['G. Farré'],[],Sarmiento,Arsenal de Sarandí
742,[],['A. Martino'],Sarmiento,Arsenal de Sarandí
743,['E. Gigliotti'],[],Sarmiento,Arsenal de Sarandí
744,[],['D. Zabala'],Sarmiento,Arsenal de Sarandí
747,['M. Astina'],[],Sarmiento,Arsenal de Sarandí
748,[],['D. Cvitanich'],Sarmiento,Arsenal de Sarandí
750,['F. Angileri'],[],Sarmiento,Arsenal de Sarandí
752,[],['C. Matheu'],Sarmiento,Arsenal de Sarandí
756,[],['D. Arce'],Sarmiento,Arsenal de Sarandí
761,[],['J. Rivero'],Sarmiento,Arsenal de Sarandí
767,[],['L. Di Lorenzo'],Sarmiento,Arsenal de Sarandí
770,[],['V. Figueroa'],Sarmiento,Arsenal de Sarandí
773,['M. Barbieri'],[],Sarmiento,Arsenal de Sarandí
776,['M. Torsiglieri'],[],Sarmiento,Arsenal de Sarandí
778,['B. Sarmiento'],[],Sarmiento,Arsenal de Sarandí
779,[],['G. Ramírez'],Sarmiento,Arsenal de Sarandí
781,[],['M. Escobar'],Sarmiento,Arsenal de Sarandí
783,['A. Bouzat'],[],Sarmiento,Arsenal de Sarandí
786,['J. Martínez'],[],Sarmiento,Arsenal de Sarandí
791,['G. Herrera'],[],Sarmiento,Arsenal de Sarandí
792,['M. Aguirregaray'],[],Sarmiento,Arsenal de Sarandí
793,[],['M. González'],Sarmiento,Arsenal de Sarandí
794,['G. Villarruel'],[],Sarmiento,Arsenal de Sarandí
795,['J. Molina'],[],Sarmiento,Arsenal de Sarandí
796,[],['F. Márquez'],Sarmiento,Arsenal de Sarandí
797,['M. Lugo'],[],Sarmiento,Arsenal de Sarandí
799,[],['L. Pérez Godoy'],Sarmiento,Arsenal de Sarandí
802,[],['Nicolás Figal'],Sarmiento,Arsenal de Sarandí
805,[],['R. Cabalucci'],Sarmiento,Arsenal de Sarandí
807,[],['F. Troyansky'],Sarmiento,Arsenal de Sarandí
812,['L. Ceballos'],[],Sarmiento,Arsenal de Sarandí
813,[],['Ramón Miérez'],Sarmiento,Arsenal de Sarandí
814,['N. Leguizamón'],[],Sarmiento,Arsenal de Sarandí
815,['M. Orihuela'],[],Sarmiento,Arsenal de Sarandí
817,['M. Benítez'],[],Sarmiento,Arsenal de Sarandí
818,[],['F. Sánchez'],Sarmiento,Arsenal de Sarandí
821,[],['J. Mercier'],Sarmiento,Arsenal de Sarandí
824,[],['F. Pereyra'],Sarmiento,Arsenal de Sarandí
830,['L. Di Lorenzo'],[],Sarmiento,Arsenal de Sarandí
834,['F. Bordagaray'],[],Sarmiento,Arsenal de Sarandí
837,['G. Maroni'],[],Sarmiento,Arsenal de Sarandí
838,[],['F. Luna'],Sarmiento,Arsenal de Sarandí
840,[],['T. Paredes'],Sarmiento,Arsenal de Sarandí
843,[],['A. Barboza'],Sarmiento,Arsenal de Sarandí
844,['H. Toledo'],[],Sarmiento,Arsenal de Sarandí
846,[],['J. Moreira'],Sarmiento,Arsenal de Sarandí
847,['I. Canuto'],[],Sarmiento,Arsenal de Sarandí
850,[],['A. Cardozo'],Sarmiento,Arsenal de Sarandí
851,[],['E. Ellacópulos'],Sarmiento,Arsenal de Sarandí
857,['R. Costa'],[],Sarmiento,Arsenal de Sarandí
860,[],['C. Chimino'],Sarmiento,Arsenal de Sarandí
863,['C. Mayada'],[],Sarmiento,Arsenal de Sarandí
867,[],['J. Garro'],Sarmiento,Arsenal de Sarandí
869,['M. Caruzzo'],[],Sarmiento,Arsenal de Sarandí
871,[],['F. Bustos'],Sarmiento,Arsenal de Sarandí
880,[],['D. Barbona'],Sarmiento,Arsenal de Sarandí
881,['I. Torres'],[],Sarmiento,Arsenal de Sarandí
885,[],['F. Lértora'],Sarmiento,Arsenal de Sarandí
888,['M. Curado'],[],Sarmiento,Arsenal de Sarandí
895,['E. Rescaldani'],[],Sarmiento,Arsenal de Sarandí
899,[],['B. Bianchi'],Sarmiento,Arsenal de Sarandí
901,[],['M. Angeleri'],Sarmiento,Arsenal de Sarandí
908,[],['J. Leguizamón'],Sarmiento,Arsenal de Sarandí
913,['F. Gago'],[],Sarmiento,Arsenal de Sarandí
916,['M. Meza'],[],Sarmiento,Arsenal de Sarandí
917,['I. Furios'],[],Sarmiento,Arsenal de Sarandí
918,[],['J. Vivani'],Sarmiento,Arsenal de Sarandí
921,['F. Milo'],[],Sarmiento,Arsenal de Sarandí
922,[],['G. Escobar'],Sarmiento,Arsenal de Sarandí
925,[],['F. Ilarregui'],Sarmiento,Arsenal de Sarandí
931,['L. González'],[],Sarmiento,Arsenal de Sarandí
933,[],['Matias Quiroga'],Sarmiento,Arsenal de Sarandí
940,[],['E. Rescaldani'],Sarmiento,Arsenal de Sarandí
943,['B. Fernández'],[],Sarmiento,Arsenal de Sarandí
945,[],['J. Mansilla'],Sarmiento,Arsenal de Sarandí
946,['L. Menossi'],[],Sarmiento,Arsenal de Sarandí
949,[],['L. Rolón'],Sarmiento,Arsenal de Sarandí
953,['J. Garro'],[],Sarmiento,Arsenal de Sarandí
954,[],['F. Grillo'],Sarmiento,Arsenal de Sarandí
957,[],['M. Pavone'],Sarmiento,Arsenal de Sarandí
959,['S. Peralta'],[],Sarmiento,Arsenal de Sarandí
960,['A. Zárate'],[],Sarmiento,Arsenal de Sarandí
961,['L. Mancinelli'],[],Sarmiento,Arsenal de Sarandí
966,['E. Burgos'],[],Sarmiento,Arsenal de Sarandí
972,[],['J. Schunke'],Sarmiento,Arsenal de Sarandí
982,[],['M. Guevgeozián'],Sarmiento,Arsenal de Sarandí
983,['C. Villagra'],[],Sarmiento,Arsenal de Sarandí
984,['H. Fértoli'],[],Sarmiento,Arsenal de Sarandí
985,[],['F. Coniglio'],Sarmiento,Arsenal de Sarandí
988,[],['N. Pantaleone'],Sarmiento,Arsenal de Sarandí
990,['Kaku'],[],Sarmiento,Arsenal de Sarandí
991,['N. Pelaitay'],[],Sarmiento,Arsenal de Sarandí
992,['M. Casierra'],[],Sarmiento,Arsenal de Sarandí
994,[],['B. Fernández'],Sarmiento,Arsenal de Sarandí
996,['N. Maná'],[],Sarmiento,Arsenal de Sarandí
997,[],['G. Rojas'],Sarmiento,Arsenal de Sarandí
1001,[],['D. Sosa'],Sarmiento,Arsenal de Sarandí
1007,['L. Gil'],[],Sarmiento,Arsenal de Sarandí
1010,[],['M. Barbieri'],Sarmiento,Arsenal de Sarandí
1015,[],['M. Benítez'],Sarmiento,Arsenal de Sarandí
1020,[],['S. Paz'],Sarmiento,Arsenal de Sarandí
1022,[],['Matías Vargas'],Sarmiento,Arsenal de Sarandí
1027,['N. Acevedo'],[],Sarmiento,Arsenal de Sarandí
1029,['N. Fernández'],[],Sarmiento,Arsenal de Sarandí
1030,['R. Erramuspe'],[],Sarmiento,Arsenal de Sarandí
1031,['M. Sánchez'],[],Sarmiento,Arsenal de Sarandí
1032,[],['Santiago Ascacíbar'],Sarmiento,Arsenal de Sarandí
1036,[],['R. Civelli'],Sarmiento,Arsenal de Sarandí
1037,['M. Romero'],[],Sarmiento,Arsenal de Sarandí
1041,[],['F. Milo'],Sarmiento,Arsenal de Sarandí
1042,[],['I. Pussetto'],Sarmiento,Arsenal de Sarandí
1046,['L. Villarruel'],[],Sarmiento,Arsenal de Sarandí
1047,[],['F. Barcelo'],Sarmiento,Arsenal de Sarandí
1054,[],['M. Maydana'],Sarmiento,Arsenal de Sarandí
1055,['F. Coria'],[],Sarmiento,Arsenal de Sarandí
1061,['C. Rodriguez'],[],Sarmiento,Arsenal de Sarandí
1062,[],['F. Mussis'],Sarmiento,Arsenal de Sarandí
1065,[],['M. Romero'],Sarmiento,Arsenal de Sarandí
1066,['L. Godoy'],[],Sarmiento,Arsenal de Sarandí
1067,[],['J. Pinola'],Sarmiento,Arsenal de Sarandí
1074,['J. Sánchez Sotelo'],[],Sarmiento,Arsenal de Sarandí
1080,['D. Montiel'],[],Sarmiento,Arsenal de Sarandí
1083,[],['F. Gago'],Sarmiento,Arsenal de Sarandí
1084,['F. Canever'],[],Sarmiento,Arsenal de Sarandí
1085,[],['Jonathan Silva'],Sarmiento,Arsenal de Sarandí
1087,['N. Delgadillo'],[],Sarmiento,Arsenal de Sarandí
1089,[],['A. Scifo'],Sarmiento,Arsenal de Sarandí
1093,[],['D. Braghieri'],Sarmiento,Arsenal de Sarandí
1094,[],['L. Menossi'],Sarmiento,Arsenal de Sarandí
1096,['L. Albertengo'],[],Sarmiento,Arsenal de Sarandí
1104,['M. Larrondo'],[],Sarmiento,Arsenal de Sarandí
1105,['J. Maidana'],[],Sarmiento,Arsenal de Sarandí
1112,['M. Martínez'],[],Sarmiento,Arsenal de Sarandí
1116,['J. Leguizamón'],[],Sarmiento,Arsenal de Sarandí
1120,['M. Acuña'],[],Sarmiento,Arsenal de Sarandí
1122,[],['A. Bouzat'],Sarmiento,Arsenal de Sarandí
1126,['M. Zaracho'],[],Sarmiento,Arsenal de Sarandí
1129,['Lisandro Magallan'],[],Sarmiento,Arsenal de Sarandí
1131,['Martínez Quarta'],[],Sarmiento,Arsenal de Sarandí
1132,['Matías Suárez'],[],Sarmiento,Arsenal de Sarandí
1134,[],['N. Moiraghi'],Sarmiento,Arsenal de Sarandí
1136,[],['S. Bertoli'],Sarmiento,Arsenal de Sarandí
1137,['R. Spinacci'],[],Sarmiento,Arsenal de Sarandí
1138,['F. Dutari'],[],Sarmiento,Arsenal de Sarandí
1142,['M. Moreno'],[],Sarmiento,Arsenal de Sarandí
1157,[],['B. Blasi'],Sarmiento,Arsenal de Sarandí
1158,[],['P. Vidal'],Sarmiento,Arsenal de Sarandí
1159,['F. Soloa'],[],Sarmiento,Arsenal de Sarandí
1160,[],['N. Rinaldi'],Sarmiento,Arsenal de Sarandí
1161,['A. Pussetto'],[],Sarmiento,Arsenal de Sarandí
1165,[],['I. Pillud'],Sarmiento,Arsenal de Sarandí
1166,[],['D. González'],Sarmiento,Arsenal de Sarandí
1168,['L. Rolón'],[],Sarmiento,Arsenal de Sarandí
1174,[],['Y. Cabral'],Sarmiento,Arsenal de Sarandí
1175,['N. Miracco'],[],Sarmiento,Arsenal de Sarandí
1179,[],['L. Carrizo'],Sarmiento,Arsenal de Sarandí
1182,[],['Nico Aguirre'],Sarmiento,Arsenal de Sarandí
